Configurations,(mean) value
dm16seql256,"[0.00038074999997661507, 0.00034475899997232773, 0.0003828260000773298, 0.00037056500013932236, 0.0003894859999036271, 0.0003394540001409041, 0.000394452999898931, 0.0003371290001723537, 0.0003203230000963231, 0.00034093099998244725, 0.00033291799991275184, 0.0003896349999195081, 0.00032177799994315137, 0.0003180509997946501, 0.0003361990000030346, 0.00038246799999797076, 0.0003831070000615, 0.0003212490000805701, 0.0003279980001025251, 0.00031597800011695654, 0.0011676630001602462, 0.00039818200002628146, 0.0003280869998434355, 0.0003155580000111513, 0.00031465999995816674, 0.00034143999982916284, 0.0003842010000880691, 0.00037385299992820364, 0.0003148539999529021, 0.000316936999979589, 0.00031337899986283446, 0.0003800649999448069, 0.00038103899987618206, 0.00031686700003774604, 0.0003298200001609075, 0.00031692099992142175, 0.00036445299997467373, 0.00038767300020481343, 0.00031792999993740523, 0.00031438899986824254, 0.0003145739999581565, 0.00036885400004393887, 0.000329494000197883, 0.00031507000016972597, 0.0003154010000798735, 0.00037588999998661166, 0.0004026180001801549, 0.0003165390000958723, 0.0003270339998380223, 0.00031427499993696983, 0.00040294599989465496, 0.00031547499997941486, 0.0003219399998215522, 0.000312369999846851, 0.00031389299988404673, 0.00039559999981975125, 0.00038102999997136067, 0.00031628500005354, 0.00031234499988386233, 0.00033445799999753945, 0.0003519750000577915, 0.00038583700006711297, 0.00031300299997383263, 0.0003130610000425804, 0.0004093180000381835, 0.00038375899998754903, 0.00031404000014845224, 0.0003257460000440915, 0.00031044699994708935, 0.0003131910000320204, 0.0003870989999086305, 0.0003357059999871126, 0.0003123950000372133, 0.00031248000004779897, 0.00031005999994704325, 0.00037722000001849665, 0.0003708849999384256, 0.00032145599993782525, 0.0003165059999901132, 0.00031338500002675573, 0.0003125329999420501, 0.0003514289999202447, 0.0003753179998966516, 0.00033983200000875513, 0.00037389799990705797, 0.0003919640000731306, 0.0003185040000062145, 0.00031466999985241273, 0.00031432399987352255, 0.0003126710000742605, 0.0003571759998521884, 0.00038909900013095466, 0.00033113199992840237, 0.0003150009999899339, 0.00045648800005437806, 0.00037610699996548647, 0.0004641500001980603, 0.00039170800005194906, 0.0003592610000850982, 0.00035458999991533346]"
memoryallocateddm16seql256,19726848.0
backwarddm16seql256,"[0.0006544400000620954, 0.0006166809998831013, 0.0005720249998830695, 0.0006214210000052844, 0.0007064420001370308, 0.0005785470000319037, 0.0005734970000048634, 0.0006212870000581461, 0.0006361969999488792, 0.0006616230000418, 0.0005704349998723046, 0.0006076350000512321, 0.0006472120001035364, 0.0006631749999996828, 0.0005795829999897251, 0.0005781889999525447, 0.0005926069998167804, 0.000680052000006981, 0.0006042200000138109, 0.000574950999862267, 0.0006765699999959907, 0.0005834139999478793, 0.0006280000000060681, 0.0006436439998651622, 0.0005804530001114472, 0.0006008410000504227, 0.0005679789999248896, 0.0005647999998927844, 0.0006565179999142856, 0.0006196010001531249, 0.0005826010001328541, 0.0005750650000209134, 0.0006055169999399368, 0.0006745159998899908, 0.0006252279999898747, 0.00057957399985753, 0.0005660029999035032, 0.0006159449999358912, 0.0006294209999850864, 0.0006486429999768006, 0.0005737940000472008, 0.0006658670001797873, 0.0006400070001291169, 0.0006358749999435531, 0.0005766209999364946, 0.0005692340000678087, 0.000631822000059401, 0.000678563000064969, 0.0006446499999128719, 0.0005953370000497671, 0.0006228279999049846, 0.0006239710000954801, 0.0006373829999120062, 0.0005813790000956942, 0.0006027940000876697, 0.0005633299999772134, 0.0005984070000977226, 0.0006394009999439731, 0.0006625519999943208, 0.0005849610001860128, 0.0005633149999084708, 0.0006329580000965507, 0.0006100589998823125, 0.0005700439999145601, 0.0005895419999433216, 0.0006032100000084029, 0.0006634889998622384, 0.0005763510000633687, 0.0005867519998901116, 0.0005618860000140558, 0.000564107999935004, 0.0006299429999216954, 0.0006449649999922258, 0.0005920389999118925, 0.0005915560000175901, 0.0006007450001561665, 0.0005990540000766487, 0.0006222500001058506, 0.0006290369999533141, 0.0005775149998044071, 0.0005740530000366562, 0.0005687249999937194, 0.0006344050000279822, 0.0006182879999414581, 0.0005645399999139045, 0.0005964920001133578, 0.0006128120000994386, 0.000640120000070965, 0.0006050889999187348, 0.0005748910000420437, 0.0005662970002049406, 0.0006412160000763834, 0.0006696909999845957, 0.0007939110000734217, 0.000673516999995627, 0.0010065299998132105, 0.001176729000007981, 0.000554869000097824, 0.0006888410000556178, 0.0006104210001467436]"
dm16seql1024,"[0.0012963970000328118, 0.0012948200001119403, 0.0013076620000447292, 0.0012875590000476222, 0.0012878569998520106, 0.0012879240000529535, 0.001294571000016731, 0.0012881029999789462, 0.00137490599990997, 0.00130163500011804, 0.0012950119999004528, 0.001300721000006888, 0.0012898170000426035, 0.0012908999999581283, 0.001295111999979781, 0.0013127219999660156, 0.00130622200003927, 0.0012980649999008165, 0.0012902959999792074, 0.001288543000100617, 0.0012880629999472148, 0.0012981820000277366, 0.001321336000046358, 0.0012970599998425314, 0.0012872120000793075, 0.0012870059999841033, 0.0013008399998852838, 0.0012960970000222005, 0.0012898210000003019, 0.0012973520001651195, 0.0012979319999431027, 0.0012898160000531789, 0.0013336470001377165, 0.0012857440001425857, 0.001287124999862499, 0.001296930000080465, 0.0012924760001169489, 0.0013014819999170868, 0.0010017409999818483, 0.0010003489999235171, 0.0009932890000072803, 0.0009989520001454366, 0.0009999769999922137, 0.000995211999907042, 0.000995054999975764, 0.0009983730001295044, 0.0009963950001292687, 0.001028196999868669, 0.0010151260000839102, 0.0010246129997995013, 0.0010253469999952358, 0.0009932180000760127, 0.0010013229998548923, 0.0010053390001303342, 0.0010020370000347611, 0.0009996339999815973, 0.0010771779998322017, 0.0010620120001476607, 0.0010106570000516513, 0.0010047509999822068, 0.0010085950000302546, 0.0010010839998813026, 0.001012570000057167, 0.0010027220000665693, 0.0010043730001143558, 0.0009918709999965358, 0.0009984910000184755, 0.001001616999928956, 0.0009966570000869979, 0.0009914150000440713, 0.0010106160000304953, 0.0010035589998551586, 0.0010047410000879609, 0.0010464460001458065, 0.0009970520000024408, 0.001002751999976681, 0.0010059930000352324, 0.00099964900005034, 0.0009945010001501942, 0.0009999030000926723, 0.0009967029998279031, 0.001005063000093287, 0.0010121420000359649, 0.0009867109999959212, 0.0009835800001383177, 0.0010108349999882194, 0.0010653460001321946, 0.001037242999927912, 0.0010089540000990382, 0.0010171059998356213, 0.001024543000085032, 0.0010020820000136155, 0.0009996460000820662, 0.001015268000173819, 0.0010370259999490372, 0.0010121559998879093, 0.0010087929999826883, 0.001014217999909306, 0.0010039239998604899, 0.0011003580000306101]"
memoryallocateddm16seql1024,53740032.0
backwarddm16seql1024,"[0.002336528000114413, 0.0022667999999157473, 0.0022659090000161086, 0.0022665710000637773, 0.002276250999784679, 0.0022921570000562497, 0.002365472000064983, 0.0024206719999710913, 0.0023096429999895918, 0.002340821999951004, 0.0022670250000373926, 0.0022841380000500067, 0.0022740970000540983, 0.002267428999857657, 0.002287610999928802, 0.0023256910001236974, 0.002291079000087848, 0.00227345600001172, 0.0022735430000011547, 0.0022678969999105902, 0.0022676849998788384, 0.0022719730000062555, 0.0022651150000001508, 0.0023174489999746584, 0.0023362669999187347, 0.0022689700001592428, 0.002275428000075408, 0.0022625639999205305, 0.002266122000037285, 0.0023477560000628728, 0.0023150800000166782, 0.0022778439999910916, 0.0022581640000680636, 0.002264749000005395, 0.0022681759999159112, 0.0023097789999155793, 0.0022590689998196467, 0.001991940000152681, 0.0018157940000946837, 0.001823834999868268, 0.0018128920000890503, 0.0017719170000418671, 0.0017697680000310356, 0.001772598000115977, 0.0017697589998988406, 0.0017698429999200016, 0.0018407160000606382, 0.0017612890001146297, 0.0017607849999876635, 0.0017971149998174951, 0.00178674099993259, 0.0017646329999934096, 0.001764175000062096, 0.00179904800006625, 0.0017589710000720515, 0.0017656239999723766, 0.002950137999960134, 0.0017831000000114727, 0.0018072810000830941, 0.0017793329998312402, 0.0017617830001199764, 0.001760050000029878, 0.0017838609999216715, 0.0017732710000473162, 0.001778897999884066, 0.00177288400004727, 0.0017981460000555671, 0.0017744460001267726, 0.0017882310000914003, 0.0017981309999868245, 0.0017583920000561193, 0.001743369999985589, 0.0017355820000375388, 0.0017377770000166493, 0.0017362130001856713, 0.0017589219999081251, 0.0017335930001536326, 0.0017330979999314877, 0.0017300140000315878, 0.0017472770000495075, 0.0017602149998765526, 0.001774019999857046, 0.0022471390000191604, 0.0017862300001070253, 0.0017929199998434342, 0.0018095949999406002, 0.0018114070001047367, 0.0018520759999773873, 0.0018245890000798681, 0.0017561429999659595, 0.0018154679999042855, 0.0017962330000500515, 0.0019365620000826311, 0.0018286409999745956, 0.001815365999846108, 0.0017521669999496226, 0.0017402060000222264, 0.0017423259998849971, 0.001738374000069598, 0.0017322609999155247]"
dm16seql4096,"[0.01698747899990849, 0.01690856300001542, 0.016901225000083286, 0.0169147689998681, 0.017066632000023674, 0.017035577999877205, 0.017045677000169235, 0.01694266999993488, 0.01694294699996135, 0.01694009399989227, 0.01691081200010558, 0.01689981300000909, 0.016965969000011683, 0.017049525999937032, 0.017129481999972995, 0.01801873599993087, 0.016905926000163163, 0.01698267200004011, 0.016936961000055817, 0.016952547000073537, 0.01697613999999703, 0.017002892000164138, 0.01698559600004046, 0.01695174900009988, 0.016992056000162847, 0.016916876999857777, 0.017119358999934775, 0.017070917999944868, 0.017170458999999028, 0.017158815000129835, 0.017055411000001186, 0.016996143999904234, 0.01693892000002961, 0.017028860000209534, 0.01720470899999782, 0.017057003999980225, 0.017011615000001257, 0.01703965199999402, 0.01697618799994416, 0.016899518999935026, 0.017114038000045184, 0.017177573000026314, 0.017150767999964955, 0.017014774000017496, 0.017005212999947616, 0.016991939000035927, 0.016920083000059094, 0.01717395699984081, 0.01719194499992227, 0.017099747999964166, 0.01705888399987998, 0.017047649999994974, 0.01698497600000337, 0.017119715000035285, 0.01725719899991418, 0.01712356500001988, 0.01701166599991666, 0.017014516000017466, 0.01702608200002942, 0.016991755999924862, 0.017000970000026427, 0.017128275000004578, 0.01713385199991535, 0.01701848900006553, 0.017041679000158183, 0.01747987499993542, 0.01702502800003458, 0.01707846499994048, 0.017102883999996266, 0.01712690499994096, 0.017117325000072015, 0.017109246000018175, 0.0171714369998881, 0.017104506999885416, 0.017140307000090615, 0.017609321000009004, 0.017117600000119637, 0.017025384999897142, 0.01694998699986172, 0.016998392999994394, 0.017061425000065356, 0.017252943000130472, 0.017233318000080544, 0.01706736100004491, 0.017035909000014726, 0.017082674999983283, 0.017074049000029845, 0.01713951600004293, 0.017054677000032825, 0.016985860999966462, 0.01708071400003064, 0.01694330399982391, 0.01692403800007014, 0.017028353999876344, 0.01711850400010917, 0.017323134999969625, 0.017105428999911965, 0.016932645999986562, 0.01698764699995081, 0.01695672799996828]"
memoryallocateddm16seql4096,579076608.0
backwarddm16seql4096,"[0.02590201300017725, 0.025752526999895053, 0.025501986999870496, 0.025595966000082626, 0.025720983999917735, 0.02597786699993776, 0.02592612399985228, 0.02580140800000663, 0.026079815999992206, 0.025939038000160508, 0.025788079999983893, 0.025710484000001088, 0.026003558999946108, 0.026084345000072062, 0.026323669000021255, 0.026067677999890293, 0.02592379899988373, 0.025768599000002723, 0.025678006999896752, 0.0258232159999352, 0.02576201800002309, 0.025978780000059487, 0.025956497000152012, 0.025844439999900715, 0.02575738099994851, 0.025695203999930527, 0.026168275999907564, 0.026040069999908155, 0.026133424000136074, 0.026119085000118503, 0.02626656000006733, 0.025601629999982833, 0.02567876099988098, 0.025881933999926332, 0.026019356000006155, 0.02588790799995877, 0.02585904800002936, 0.02602370299996437, 0.026500878999968336, 0.025639476999913313, 0.02597964899996441, 0.02631203800001458, 0.026131661999897915, 0.026063837000037893, 0.025817727999992712, 0.02557532900004844, 0.025854277999997066, 0.02618445499979316, 0.026074739000023328, 0.025947267999981705, 0.026216614000077243, 0.025764046000176677, 0.025641618000008748, 0.026072493000128816, 0.02598836900006063, 0.025894480000033582, 0.025805188000049384, 0.02604098299980251, 0.025711678999869036, 0.02567375500007074, 0.02576113999998597, 0.02619137600004251, 0.026048315000025468, 0.02593539300005432, 0.026016138999921168, 0.025734658000146737, 0.02626574500004608, 0.02643590400020912, 0.026136868000094182, 0.02641246999996838, 0.026318546000084098, 0.02613080900005116, 0.02583370799993645, 0.025939666999875044, 0.026180110000041168, 0.026173715999902925, 0.026063734999979715, 0.02596521999998913, 0.02570770900001662, 0.02569070599997758, 0.025989637000066068, 0.026161116000139373, 0.02613864999989346, 0.02603233300010288, 0.026215373000013642, 0.026477699999986726, 0.025875697999936165, 0.026253361000044606, 0.026488449999988006, 0.025821329000109472, 0.02595882800005711, 0.02579433800019615, 0.025839358999974138, 0.02617157000008774, 0.02643348799983869, 0.026299542000060683, 0.026097382999978436, 0.02624782799989589, 0.02573482899992996, 0.025714030000017374]"
dm16seql8192,"[0.07243533000018942, 0.0724929919999795, 0.07249374399998487, 0.07336355899997216, 0.07227036800009046, 0.07248855000011645, 0.072753917, 0.07388865300004, 0.07479186099999424, 0.07529909499999121, 0.07512809199988624, 0.07421039899986681, 0.07498746900000697, 0.07455418100016686, 0.07371267500002432, 0.07306065199986733, 0.07253862600009597, 0.07387958899994373, 0.0739615429999958, 0.07613525099986873, 0.07608875100004298, 0.07442513199998757, 0.07418832100006512, 0.07483031700007814, 0.0761700400000791, 0.07585185100015224, 0.07390879399986261, 0.07696184599990374, 0.07783990999996604, 0.07443283299994619, 0.07415038299996013, 0.07425809400001526, 0.07653988099991693, 0.07490008099989609, 0.07396261200005938, 0.07716591899998093, 0.07541588499998397, 0.07446203000017704, 0.07554460700021082, 0.07697742200002722, 0.07578239700001177, 0.0763785160002044, 0.07699507200004518, 0.07538304300010168, 0.07715731500002221, 0.07707669699993858, 0.07484006999993653, 0.07815968600016276, 0.07626129400000536, 0.07840690500006531, 0.07658354800014422, 0.07601996200014582, 0.07669653500011009, 0.07703609400005007, 0.07787410099990666, 0.07803850200002671, 0.07521045200019216, 0.07892979600001127, 0.07517595199988136, 0.07824631500011492, 0.07587191200013876, 0.07638513300003069, 0.07784900299998299, 0.0769031110000924, 0.07794837200003712, 0.07691456099996685, 0.07810853399996631, 0.07664100900001358, 0.07854435300009754, 0.07727918099999442, 0.07828306600003998, 0.07771909200005211, 0.07867085400016549, 0.07698281699981635, 0.07922822900013671, 0.07913557300003049, 0.07557137399999192, 0.08018059000005451, 0.0770261989998744, 0.0792527380001502, 0.07919219600012184, 0.07742723699993803, 0.07909959299990987, 0.07607865999989372, 0.07960109900000134, 0.07796589899999162, 0.07959044800008996, 0.0797744540000167, 0.0783938350000426, 0.08087479099981465, 0.07966198999997687, 0.07827948800013473, 0.0798608749998948, 0.07700913500002571, 0.07998070999997253, 0.07976422399997318, 0.07836879999990742, 0.08021317500015357, 0.07977159699998992, 0.07806288000006134]"
memoryallocateddm16seql8192,2248409600.0
backwarddm16seql8192,"[0.11003021999999874, 0.11044580499992662, 0.11045504200001233, 0.11013550699999541, 0.10995354600004248, 0.1102305689998957, 0.11092339200013157, 0.11027475999981107, 0.10970426299991232, 0.10830147499996201, 0.10849909899980048, 0.10786538299998938, 0.10995001800006321, 0.11285907499996028, 0.11254043900021315, 0.11211248700010401, 0.11017263900021135, 0.11058264700000109, 0.11053181700003734, 0.10890560300003926, 0.1129211850000047, 0.1132460019998689, 0.11181774900001074, 0.10940346100005627, 0.10911178299988933, 0.11529095800005962, 0.11295216500002425, 0.1092551540000386, 0.11059351600010814, 0.11523405200000525, 0.11229787299998861, 0.11334445300008156, 0.11337092899998424, 0.11455562800006192, 0.11087070300004598, 0.11040070099988952, 0.11530843400009871, 0.11268412699996588, 0.11133656400011205, 0.11258131199997479, 0.11552456000003986, 0.11083799200014255, 0.11414191400012896, 0.1144792850000158, 0.11117180799988091, 0.11652692999996361, 0.11176332000013645, 0.1129943490000187, 0.11527849800017975, 0.11169328200003292, 0.11570540100001381, 0.11150399200005268, 0.11116083199999593, 0.11683002900008432, 0.10927713300020514, 0.1164743270001054, 0.11248325199994724, 0.11652865900009601, 0.11398978400006854, 0.11264643699996668, 0.11481636899998193, 0.11236077100011244, 0.11677328499990836, 0.11194000699993012, 0.11669858400000521, 0.11347934100012935, 0.11708400700013044, 0.11292602999992596, 0.1163283829998818, 0.11386907800010704, 0.11650920400006726, 0.11358317799999895, 0.11584081399996649, 0.11275841300016509, 0.1167489659999319, 0.11750611000002209, 0.11454243799994401, 0.11797753299993019, 0.11199078499998905, 0.12072033399999782, 0.11656069500008925, 0.11187309999991157, 0.11754838299998482, 0.11190152499989381, 0.11653703699994367, 0.10969472200008568, 0.11752791799995066, 0.11536793700020098, 0.113061775999995, 0.1173780799999804, 0.1140293030000521, 0.11560750099988581, 0.11815208399980293, 0.11291968099999394, 0.11727810200000022, 0.11536803600006351, 0.11350754900013271, 0.11815183900012016, 0.11629465700002584, 0.11366467700008798]"
dm32seql256,"[0.00036820099990109156, 0.00040697700001146586, 0.00035175400012121827, 0.0003583249999792315, 0.00039491000006819377, 0.0004038950000904151, 0.000357166999947367, 0.00034335700001975056, 0.00034501999994063226, 0.00041292299988526793, 0.0003580439999950613, 0.00035980300003757293, 0.0003955570000471198, 0.0003960030001053383, 0.00035382700002628553, 0.00034240700006193947, 0.00034253500007253024, 0.00040051499991022865, 0.0004040129999793862, 0.00042002899999715737, 0.00034307000009903277, 0.0003530090000367636, 0.00034127200001421443, 0.0003431269999509823, 0.00041051300013350556, 0.00036204900015945896, 0.0003506329999254376, 0.0004191840000657976, 0.0004009100000530452, 0.00040769700012788235, 0.0003554049999365816, 0.0003420159998768213, 0.00034054599996125035, 0.00039274900018426706, 0.00040633000003253983, 0.0003976039999997738, 0.0003385949999028526, 0.0003622100000484352, 0.0004112050000912859, 0.00035330200012140267, 0.0003411600000617909, 0.00033821100009845395, 0.00035458499996821047, 0.00036272600004849664, 0.0003422810000301979, 0.00039801100001568557, 0.00040086299986796803, 0.00035369500005799637, 0.00034827700005735096, 0.00034097299999302777, 0.00039509399994130945, 0.0004311489999508922, 0.00036782400002266513, 0.00034133299982386234, 0.00034180500006186776, 0.00040046899994194973, 0.0004051849998631951, 0.0004067869999744289, 0.0004399720000947127, 0.0005199659999561845, 0.00034198000003016205, 0.0003985410000950651, 0.0004022489999897516, 0.0003431819998240826, 0.00039568200008943677, 0.00039675199991506815, 0.00035156499984623224, 0.00036593799995898735, 0.000343286000088483, 0.0004013149998627341, 0.00041161600006489607, 0.0003539519998412288, 0.00034552799979792326, 0.00034175099995081837, 0.00039054600006238616, 0.000430733000030159, 0.00037490599993361684, 0.00034120899999834364, 0.00033993199986070977, 0.0003941659999782132, 0.0003962349999255821, 0.0003562919998785219, 0.0003491950001262012, 0.0003381889998763654, 0.0003698450000229059, 0.0003417269999772543, 0.0003436149997924076, 0.0004046960000323452, 0.0004080740000063088, 0.0003556629999366123, 0.0003435450000779383, 0.00040168799978346215, 0.00042585199980749167, 0.0003557349998573045, 0.00034872900005211704, 0.0003450980000252457, 0.00039370599984067667, 0.0004101249999166612, 0.00035415199999988545, 0.0004066870001224743]"
memoryallocateddm32seql256,20251136.0
backwarddm32seql256,"[0.0005935459998909209, 0.0006250720000480214, 0.0006713590000799741, 0.0005863159999535128, 0.0005766449999100587, 0.0006372499999542924, 0.0006409439999970346, 0.0006347910000386037, 0.0005694970000149624, 0.000598731000081898, 0.0006690920001801715, 0.0006051889999980631, 0.0005737060000683414, 0.0005746900001213362, 0.0006557970000358182, 0.0005759849998412392, 0.0005670269999882294, 0.0005830229999901348, 0.0006532620000143652, 0.0006150100000468228, 0.0006294160000379634, 0.0006370950000018638, 0.0006170380002004094, 0.0005664959999194252, 0.0005682720000095287, 0.0006166850000681734, 0.0006577689998721326, 0.0005867289999059722, 0.0005674090000411525, 0.0006072799999401468, 0.0006371490001129132, 0.0005747109998992528, 0.0005636289999984001, 0.0005694450001101359, 0.0007211329998426663, 0.000658433999888075, 0.0005618070001673914, 0.0005770820000634558, 0.0005977119999442948, 0.0006452489999446698, 0.0005945670000073733, 0.0005868670000381826, 0.0006590650000362075, 0.0006152040000415582, 0.0005648919998293422, 0.0005720470001051581, 0.0005658350000885548, 0.0006523140000354033, 0.0006137609998404514, 0.0005668750000040745, 0.0005754539999998087, 0.0006348540000544745, 0.000643631999992067, 0.0006037140001353691, 0.000564940000003844, 0.0005733870000312891, 0.0008002429999578453, 0.0006395729999439936, 0.0006254469999475987, 0.0007059330000629416, 0.0005906239998694218, 0.0005658180000409629, 0.0005836830000589543, 0.0005681239999830723, 0.0005730769998990581, 0.0005645599999297701, 0.0006565920000412007, 0.0006169359999148583, 0.0005676440000570437, 0.0005696789999092289, 0.0005693890000202373, 0.0006422639999072999, 0.000616258000036396, 0.0005682399998931942, 0.0005681889999777923, 0.0006242939998628572, 0.0006409039999653032, 0.0005721400000311405, 0.00056065699982355, 0.0005712890001632331, 0.0005932699998538737, 0.0006707800000640418, 0.0005732950000947312, 0.0006345120000332827, 0.0006344650000755792, 0.0005694689998563263, 0.0005946700000549754, 0.0005748600001425075, 0.0006039869999767689, 0.0006614769999941927, 0.0005995399999392248, 0.0005883419999008765, 0.0006019120000928524, 0.0006352699999752076, 0.0006125529998826096, 0.0005662840001150471, 0.0005679869998402864, 0.000604294000140726, 0.0006338040000173351, 0.0006785569999010477]"
dm32seql1024,"[0.0017826240000431426, 0.0017698909998671297, 0.0017731610000737419, 0.0017672760000095877, 0.0018852989999231795, 0.00177164100000482, 0.0017727429999467859, 0.001786880000054225, 0.0018129420000150276, 0.0017789470000479923, 0.0018164619998515263, 0.0017847120000169525, 0.0017676069999197352, 0.0017753510001057293, 0.0017747150000104739, 0.0017842389997895225, 0.0017698159999781637, 0.0017917800000759598, 0.001771888999883231, 0.0017740289999892411, 0.0017683860000943241, 0.0017786509999950795, 0.0016242460001194559, 0.0015335439998125366, 0.001521025999863923, 0.0015197309999166464, 0.0015416060000461584, 0.001506772000084311, 0.0015054529999360966, 0.0014984800000092946, 0.0014967519998663192, 0.0015019550000943127, 0.001487604999965697, 0.001488069999822983, 0.001505749999978434, 0.001498594999929992, 0.0015039859999887994, 0.0015037350001421146, 0.001490255999897272, 0.0014855470001293725, 0.0014908169998761878, 0.001517615000011574, 0.0015416229998663766, 0.0014928200000667857, 0.001495162000082928, 0.0014870810000502388, 0.00157184599993343, 0.0016233100000135892, 0.0015349430000242137, 0.0016163699999651726, 0.0015595810000377242, 0.001621061999912854, 0.0015814579999187117, 0.0015635629999906087, 0.0015450599998985126, 0.001595534999978554, 0.0015180709999640385, 0.0014907130000665347, 0.0014913800000613264, 0.0014940430000933702, 0.0015141130002120917, 0.0014876640000238694, 0.0015405509998345224, 0.0014941530000669445, 0.0014988289999564586, 0.0015001790000042092, 0.0015029969999886816, 0.0014914459998180973, 0.0014906220001194015, 0.0014935980000245763, 0.0015099470001587179, 0.0015234899999541085, 0.0015015369999673567, 0.001490385000124661, 0.0013070029999653343, 0.0013286169998991681, 0.0013009790000069188, 0.001297993999969549, 0.0013147109998499218, 0.0013049410001713113, 0.0013186529999984486, 0.0013055330000497634, 0.00130622200003927, 0.0013019929999700253, 0.0013001770000755641, 0.0013029410001763608, 0.0013060520000180986, 0.001304242000060185, 0.0013158350000139762, 0.001409410999940519, 0.0013274630000523757, 0.0013135039998815046, 0.0013211100001626619, 0.0013220370001363335, 0.00131218199999239, 0.0013474889999542938, 0.0013134499999978289, 0.0013628369999878487, 0.001510009000185164, 0.0013772859999789944]"
memoryallocateddm32seql1024,55837184.0
backwarddm32seql1024,"[0.002768581000054837, 0.002778353999929095, 0.0027753849999498925, 0.0027661899998747685, 0.0027776399999766, 0.0028267170000617625, 0.0027714329999071197, 0.0027619340000910597, 0.0027608210000380495, 0.0028011730000798707, 0.0028425509999578935, 0.0028242229998340918, 0.0029739050000898715, 0.0027593299998898146, 0.0027612619999217713, 0.002758997000000818, 0.0027825099998608493, 0.002823452000029647, 0.0028157330000340153, 0.00283746200011592, 0.002754376999973829, 0.0027933820001635468, 0.002289746000087689, 0.0022839050000129646, 0.002256674999898678, 0.002250620000040726, 0.002277265999964584, 0.0022075319998293708, 0.0022229129999686847, 0.0022120730000096955, 0.0022039799998765375, 0.002202126000156568, 0.0022071880000567035, 0.0022065840000777825, 0.002206306000061886, 0.0021983579999869107, 0.0022392569999283296, 0.0022426779999022983, 0.002255320999893229, 0.0022383289999652334, 0.0022455809998973564, 0.002246558000024379, 0.002237559999912264, 0.002243382999949972, 0.002203694000172618, 0.002211631000136549, 0.002259399000195117, 0.0037416970001231675, 0.0030628600000000006, 0.0022145259999888367, 0.002283536000049935, 0.0025262689998726273, 0.0023244019998855947, 0.002236992999996801, 0.0022754249998797604, 0.0022851349999655213, 0.0022045370001251285, 0.0022137399998882756, 0.002214046000062808, 0.002207959999850573, 0.0022987770000781893, 0.0021971720000237838, 0.0022518000000673055, 0.0022153999998408835, 0.002158298000040304, 0.0021777990000373393, 0.00220345399998223, 0.002241117000039594, 0.002214732000084041, 0.0022053259999665897, 0.002211802999909196, 0.002161978000003728, 0.0022138990000257763, 0.0021669200000360433, 0.0019755670000449754, 0.0020213779998812242, 0.0019631309999113, 0.002027985000040644, 0.0019846590000724973, 0.001982983000061722, 0.0019646910000119533, 0.002028521000056571, 0.001977319000161515, 0.0020048549999955867, 0.001982163000093351, 0.0019697759998962283, 0.0020050789999004337, 0.0020374650000576366, 0.0020010089999686897, 0.0020231299999977637, 0.0019999250000637403, 0.0020040570000219304, 0.001993419999962498, 0.0020023920001221995, 0.0020481639999161416, 0.0019935440000153903, 0.0020012060001590726, 0.0020147960001395404, 0.002050361999863526, 0.0020846540001002722]"
dm32seql4096,"[0.0203876749999381, 0.01975808599991069, 0.0200534499999776, 0.02007408999998006, 0.020200377000037406, 0.02027451399999336, 0.020116851000011593, 0.0201683799998591, 0.01988601700008985, 0.02038771299999098, 0.020195932999968136, 0.020246942000085255, 0.02048128700016605, 0.0202411119998942, 0.020708189000060884, 0.020230934000210254, 0.020281587999988915, 0.020211710000012317, 0.02043704099992283, 0.01989728099988497, 0.02040387700003521, 0.020289595000122063, 0.0200881709999976, 0.020309674999907656, 0.02035406899994996, 0.020456093000120745, 0.02041118900001493, 0.020567431000017677, 0.02043362199992771, 0.020205829999895286, 0.020144298999866805, 0.020245831000011094, 0.020041907999939212, 0.02000967200001469, 0.020116097000027366, 0.020253899000181264, 0.02067345299997214, 0.02047190299981594, 0.02042723800013846, 0.020219958000097904, 0.020318412000051467, 0.01980911800001195, 0.02015773200014337, 0.020012150000184192, 0.019987157000059597, 0.020266098999854876, 0.02018412699999317, 0.02026247899993905, 0.019773040999780278, 0.02009545399982926, 0.020012492999967435, 0.0200522610000462, 0.020571195000002263, 0.02029691100005948, 0.020381804999942688, 0.02016234000006989, 0.020077788000207875, 0.01986045200010267, 0.020131051999896954, 0.020194377999814606, 0.02003614800014475, 0.02014167099991937, 0.01981861299987031, 0.020420833999878596, 0.020089322999865544, 0.01997712699994736, 0.02017554300005031, 0.02020058500011146, 0.020160594999879322, 0.019783183000072313, 0.020240924000063387, 0.019996070999923177, 0.020076986000049146, 0.020406800000046132, 0.020278302000178883, 0.02030164200004947, 0.019766961999948762, 0.020349806000012904, 0.020109326000010697, 0.019975083000190352, 0.020369356999935917, 0.020206799999868963, 0.020179030000008424, 0.0200300359999801, 0.02035218600008193, 0.01999571700002889, 0.019986029000165217, 0.019993554000166114, 0.02008546000001843, 0.020209378999879846, 0.020193822000010186, 0.020271902999866143, 0.01984406500014302, 0.020157134000100996, 0.02016953499992269, 0.02001376800012622, 0.020062393000216616, 0.019858046999843282, 0.020122131999869453, 0.020187715000020034]"
memoryallocateddm32seql4096,587465216.0
backwarddm32seql4096,"[0.028491167000083806, 0.027979745999800798, 0.02871005499991952, 0.028123300000061136, 0.028916541999933543, 0.02892006499996569, 0.028548645999990185, 0.028553445999932592, 0.028131903000030434, 0.029324476000056166, 0.028348689000040395, 0.02901796099990861, 0.02914450499997656, 0.028874608000023727, 0.02960184699986712, 0.028572653000082937, 0.029220805000022665, 0.028773383000043395, 0.02865797599997677, 0.028184190000047238, 0.029453036000177235, 0.02817496000011488, 0.028593347999958496, 0.0292484690000947, 0.02891494999994393, 0.029665397999906418, 0.028821070999811127, 0.029818729999988136, 0.02904612499992254, 0.02909247200000209, 0.028516415000012785, 0.02882292399999642, 0.028006311000126516, 0.028429748999997173, 0.029171500000074957, 0.02885040499995739, 0.03008940899985646, 0.029048209999928076, 0.029997530000173356, 0.028570403999992777, 0.028399336000120456, 0.02789651100010815, 0.029027501000200573, 0.028063484000085737, 0.028413449000026958, 0.029400228999975297, 0.02858249600012641, 0.028664928000125656, 0.027937574999896242, 0.02867616599996836, 0.028011998000010863, 0.028824736999922607, 0.029727968000088367, 0.028834175999918443, 0.029377960999909192, 0.02842263500019726, 0.028445801999851028, 0.02784187799989013, 0.028806565999957456, 0.02845575900005315, 0.028529254999966724, 0.02848759199991946, 0.028113983000139342, 0.029422557000089, 0.02799727100000382, 0.028370641999799773, 0.02927522899994983, 0.02872308799987877, 0.028508310999995956, 0.028090172000020175, 0.029013584000040282, 0.028250099999922895, 0.028569548999939798, 0.029665701999874727, 0.028771012000106566, 0.028576232000204982, 0.02800229100012075, 0.029327767000040694, 0.02798753900015072, 0.028498139000021183, 0.02921290299991597, 0.028511491000017486, 0.028942700000015975, 0.028247716000123546, 0.029113557999835393, 0.027987570000050255, 0.028435860000172397, 0.028433676999839008, 0.02849443800005247, 0.029192779000140945, 0.028430206999928487, 0.028720260999989478, 0.027867137999919578, 0.028693119999843475, 0.028640585999937684, 0.02840952900010052, 0.028426733999822318, 0.027856439000061073, 0.028968897999902765, 0.028349689999913608]"
dm32seql8192,"[0.08582053999998607, 0.08957395700008419, 0.08587695799997164, 0.085043449000068, 0.08554446200014354, 0.0869791070001611, 0.08798295400015377, 0.08611354999993637, 0.08553238400008922, 0.0857771920000232, 0.08572075799997947, 0.08556416999999783, 0.08583745400005682, 0.08590582500005439, 0.0860691919999681, 0.08534536499996648, 0.08544584699984625, 0.0857850889999554, 0.08570843300003617, 0.08543714399979763, 0.08555322699999124, 0.08526994699991519, 0.08519561699995393, 0.0856785610001225, 0.08905760000016016, 0.08568948099991758, 0.0858799469999667, 0.08583684799987168, 0.08529191899992838, 0.08512881100000413, 0.08563754300007531, 0.08566320099998848, 0.0853905690000829, 0.08824913500006915, 0.08689652899988687, 0.08551217099989117, 0.08572413000001688, 0.08524128700014444, 0.08573103699995954, 0.08544237399996746, 0.08541657399996438, 0.08539388500003042, 0.08547815800011449, 0.08539586100005181, 0.0855691660001412, 0.08549660199992104, 0.08550633700019716, 0.08541511499993248, 0.08581166699991627, 0.08545696900000621, 0.08547249800017198, 0.08536337799978355, 0.08543493600018337, 0.08543682499998795, 0.08556262999991304, 0.08550114800004849, 0.0854009209999731, 0.08523732100002235, 0.08540245500012134, 0.08564904199988632, 0.08542756500014548, 0.08536934200014912, 0.08600095500014504, 0.08564119100014977, 0.08544415100004699, 0.08541201900015949, 0.08507293299999219, 0.08600086899991766, 0.08563331599998492, 0.08572124500005884, 0.08539229399980286, 0.08506321400000161, 0.08577966400002879, 0.08518194600014795, 0.08565343999998731, 0.08539890299994113, 0.08529250400010824, 0.08580248099997334, 0.0852674279999519, 0.08511734199987586, 0.08530608700016273, 0.08555695700010801, 0.08559832300011294, 0.08536694400004308, 0.08595763499988607, 0.085499979999895, 0.08521344099995076, 0.08554328799982613, 0.08609910899986062, 0.08578398600002402, 0.08517369899982441, 0.08532311900012246, 0.08599707299981674, 0.08487252300005821, 0.0856780090000484, 0.08551246399997581, 0.08527239699992606, 0.08598244699987845, 0.08569278699997085, 0.08534460200007743]"
memoryallocateddm32seql8192,2265186816.0
backwarddm32seql8192,"[0.12400604599997678, 0.11907601000007162, 0.11712970400003542, 0.11683067599983588, 0.12137861200017142, 0.1224904969999443, 0.1177549149999777, 0.11548588999994536, 0.11589685700005248, 0.1154871539999931, 0.1161735780001436, 0.11491983999985678, 0.1163715930001672, 0.11620153199987726, 0.11715068899979997, 0.11580257200012056, 0.1165131109999038, 0.11573892599994906, 0.11733293199995387, 0.11630885499994292, 0.11686566499997753, 0.1178094769998097, 0.11879223599999023, 0.123888640000132, 0.12095719500007363, 0.117147586000101, 0.11546933999989051, 0.11714634200006913, 0.11711945399997603, 0.11638994500003719, 0.11719511099977353, 0.11816999899997427, 0.12182923299997128, 0.12363730599986411, 0.11729226300008122, 0.11727940099990519, 0.11645015599992803, 0.11599400900013279, 0.11691997100001572, 0.11614228399980675, 0.1160637460000089, 0.1157806310000069, 0.11599791200001164, 0.11602097899981345, 0.11533688700001221, 0.11632960399992953, 0.11629599100001542, 0.11634537399982037, 0.11629976099993655, 0.11531822599999941, 0.11544482799990874, 0.11595021800007999, 0.11640164800019193, 0.11727335000000494, 0.11506329500002721, 0.11675829199998589, 0.11686222799994539, 0.11643634300003214, 0.11602962599999955, 0.11661384600006386, 0.11636839799984955, 0.11477438700012499, 0.11724381700014419, 0.11617538899986357, 0.11662945800003399, 0.11453133500003787, 0.1153126419999353, 0.11750021900002139, 0.11602604899985636, 0.11689025399982711, 0.11572506899983637, 0.11601583900005608, 0.11676483500014001, 0.1148327270000209, 0.11631343299995933, 0.11682323300010466, 0.11464049000005616, 0.1178189569998267, 0.11548344800007726, 0.11643785399996887, 0.11576454600003672, 0.11672825100004047, 0.11742341800004397, 0.11574457699998675, 0.11656558699996822, 0.11681532399984462, 0.11446879099980833, 0.11572685900000579, 0.11643951199994262, 0.11786044900009074, 0.11692165400017984, 0.11538935600015066, 0.11691093700005695, 0.11623748399983924, 0.11675894299992251, 0.11605657300015082, 0.1154736179998963, 0.1176267389998884, 0.11720246000004408, 0.11613484000008611]"
dm64seql256,"[0.0004154759999437374, 0.0004002739999577898, 0.0004784459999882529, 0.0004318109999985609, 0.0003982079999786947, 0.0004217270000026474, 0.00040841600002750056, 0.0004085599998688849, 0.0004353819999778352, 0.0005683540000518406, 0.0004295290000300156, 0.0004533129999799712, 0.0003976549999151757, 0.00039515299999948184, 0.0004507189999003458, 0.00040963599985843757, 0.00039807899997867935, 0.00044870499982607726, 0.0004058900001382426, 0.0003983169999628444, 0.00041750099990167655, 0.00044825700001638324, 0.0004128759999275644, 0.0004526620000433468, 0.00046856099993419775, 0.0004009120000318944, 0.00039697100010016584, 0.0004521030000432802, 0.0004410479998568917, 0.0004495219998261746, 0.00042639100001906627, 0.0003970630000367237, 0.00040278400001625414, 0.0004615039999862347, 0.00040047499987849733, 0.00044410300006347825, 0.0005539979999866773, 0.0004071680000379274, 0.0004685330000029353, 0.00040692900006433774, 0.0003968280000208324, 0.00041716999999152904, 0.0004083230001015181, 0.0004006510000635899, 0.00041650000002846355, 0.0004085010000380862, 0.0004513730000326177, 0.0004059149998738576, 0.0003961090001212142, 0.00042678999989220756, 0.0004483400000481197, 0.00040482700001120975, 0.0004218809999656514, 0.00041871999997056264, 0.0004526910001914075, 0.0003971749999891472, 0.0003976020000209246, 0.0004462399999738409, 0.00040620499999022286, 0.0003980030001002888, 0.00048708899998928246, 0.0004046909998578485, 0.0003979740001796017, 0.0004530510000222421, 0.00039730100002088875, 0.00039507800011051586, 0.00045245599994814256, 0.00041650100001788815, 0.0003957309997986158, 0.0004481150001538481, 0.00040438800010633713, 0.0003987259999576054, 0.0004393740000523394, 0.0004447210001217172, 0.00042155199980697944, 0.00040499400006410724, 0.00042962199995599804, 0.00047968899980332935, 0.00039719799997328664, 0.0004011910000372154, 0.0004614540000602574, 0.00039934400001584436, 0.000397391999968022, 0.0004889010001534189, 0.0004020310000214522, 0.0004526019999957498, 0.0004217799998968985, 0.00044791300001634227, 0.0004457459999684943, 0.00041213800000150513, 0.0004047360000640765, 0.00043569800004661374, 0.0004069009999057016, 0.00039751400004206516, 0.00039554199997837713, 0.0004483400000481197, 0.0004065010000431357, 0.00039803000004212663, 0.0004145279999647755, 0.0004571279998799582]"
memoryallocateddm64seql256,21299712.0
backwarddm64seql256,"[0.0006614599999466009, 0.0005798869999580347, 0.0005789809999896534, 0.0006502589999399788, 0.0005929000001287932, 0.0005702920000203449, 0.0006605330002003029, 0.0006577899998774228, 0.0005845719999797439, 0.00067192299979979, 0.0005849939998370246, 0.0006213130000105593, 0.0006346359998588014, 0.0005749809999997524, 0.0006662239998149744, 0.000608974999977363, 0.0005767729999206495, 0.0006019800000558462, 0.0006387849998645834, 0.0006324070000118809, 0.0005760540000210312, 0.000587717000144039, 0.000672973000064303, 0.0006599230000574607, 0.0006263359998683882, 0.0006255180001062399, 0.0005748730000050273, 0.0006311079998795321, 0.0006996820000040316, 0.0006966539999666566, 0.0006656169998677797, 0.0005941399999755959, 0.0005712010001843737, 0.0006870300001082796, 0.0006787099998746271, 0.0006921250001141743, 0.0006952030000775267, 0.0006226759999208298, 0.000656767000009495, 0.0005877869998585084, 0.0005863290000434063, 0.0005771200001163379, 0.0006422409999231604, 0.0006631550002111908, 0.0007789129999764555, 0.0005772739998519683, 0.0005978980000236334, 0.0006384359999174194, 0.0006288080001013441, 0.0005734259998462221, 0.0005684549998932198, 0.0006376339999860647, 0.0007175679997999396, 0.0005697860001419031, 0.0006347570001707936, 0.0006220069999471889, 0.0005954839998594252, 0.0006078149999666493, 0.0006755700001122023, 0.0006702779999159247, 0.000612477000004219, 0.000637068000060026, 0.0006576690000201779, 0.0006468369999765855, 0.0005918879999171622, 0.0005715749998671527, 0.0006205639999734558, 0.0007086370001161413, 0.0005775700001322548, 0.0005874369999219198, 0.0006438289999550761, 0.0006222080000952701, 0.0005737579999731679, 0.0005723619999571383, 0.0006622900000365917, 0.0006129299999884097, 0.0005892449999009841, 0.0006937709999874642, 0.0006008129998917866, 0.0006341660000543925, 0.000649329999987458, 0.0006193429999257205, 0.0006437590000132332, 0.000640348999922935, 0.0005751040000632202, 0.0006375400000706577, 0.0006227399999261252, 0.0005707499999516585, 0.0005930419999913283, 0.0006716739999319543, 0.0006079920001411665, 0.0005688829999144218, 0.0006383490001553582, 0.0005802249997941544, 0.0005936610000389919, 0.0006039800000507967, 0.000643502000002627, 0.0006592810000256577, 0.0005955579999863403, 0.0006259640001644584]"
dm64seql1024,"[0.001508908000005249, 0.0015042139998513449, 0.0015453430000889057, 0.0015104680001059023, 0.0015097960001639876, 0.0015082400000210328, 0.0017839949998688098, 0.0017972739999549958, 0.0017727310000736907, 0.0017881259998375754, 0.0019213699999909295, 0.001928120000002309, 0.0019277530000181287, 0.0019347049999396404, 0.0019487680001475383, 0.001977497000098083, 0.0019877300001098774, 0.001971512999944025, 0.0019768670001667488, 0.0019330959999024344, 0.0019248060000336409, 0.0019436939999195602, 0.001923882000028243, 0.0018777089999275631, 0.0018810490000760183, 0.0018779559998165496, 0.0018921420000879152, 0.0018824769999810087, 0.001866594999910376, 0.0018792579999171721, 0.0018562210000254709, 0.0018588210000416439, 0.0018448790001457382, 0.0018497359999400942, 0.0018456609998338536, 0.0018540400001256785, 0.001860800000031304, 0.0018463439998868125, 0.0018462709999766957, 0.0018438250001509005, 0.0018889529999341903, 0.0018449889998919389, 0.0018501800000194635, 0.0018487469999399764, 0.0018481820000033622, 0.001856846000009682, 0.001907033999941632, 0.0018742519998795615, 0.0018120189999990544, 0.0018092450000040117, 0.0018018949999714096, 0.0018353320001551765, 0.0017963059999601683, 0.0018018900000242866, 0.0018048879999241763, 0.0018019619999449787, 0.0018074350000460981, 0.0018064029998186015, 0.001839319000055184, 0.001809448000130942, 0.0018387400000392518, 0.0018501500001093518, 0.0018396210000446445, 0.001833919000091555, 0.001797949000092558, 0.0018058660000406235, 0.0017991330000768357, 0.0017990639998970437, 0.0018550289998984226, 0.0017717160001211596, 0.001773167999999714, 0.0017692620001525938, 0.0017687939998722868, 0.001763948999951026, 0.0018075990001307218, 0.0017961349999495724, 0.001798317999828214, 0.0018111560000306781, 0.0017956480000975716, 0.0017998870000610623, 0.0017948550000710384, 0.0017950680000922148, 0.001794271999870034, 0.0017570249999607768, 0.001801489000172296, 0.0017634189998716465, 0.0017679279999356368, 0.0017611989999295474, 0.0017539929999657033, 0.0017507350000869337, 0.0017715960000259656, 0.0017655789999935223, 0.001757175999955507, 0.0018226140000479063, 0.001766854999914358, 0.001763771000014458, 0.0017762690001745796, 0.0017723400001159462, 0.0017565509999712958, 0.0017523760000131006]"
memoryallocateddm64seql1024,60031488.0
backwarddm64seql1024,"[0.0019309869999233342, 0.0019450939998932881, 0.001973035999981221, 0.001927579000039259, 0.0019437480000306095, 0.0021169299998291535, 0.002232614999911675, 0.0022173910001583863, 0.002212606000057349, 0.0022752869999749237, 0.002395020999983899, 0.0023945620000631607, 0.0023958809999840014, 0.0024023119999583287, 0.0024506449999535107, 0.0024623929998597305, 0.0024578610000389745, 0.002502721999917412, 0.0024239130000296427, 0.0023973790000582085, 0.0023936850000154664, 0.0024019219999900088, 0.002455000000054497, 0.0023367020000932825, 0.0023629600000276696, 0.002595902999928512, 0.0023785480000242387, 0.002300040999898556, 0.002291153999976814, 0.0023331909999342315, 0.002304815999877974, 0.002310248999947362, 0.0023467390001314925, 0.0023237020000124176, 0.002310041000100682, 0.0023043649998726323, 0.002292742999998154, 0.0023436419999143254, 0.0022971729999881063, 0.002291382999828784, 0.0023652350000702427, 0.0022931490000246413, 0.0023035480000999087, 0.0023513090000051307, 0.0023114529999475053, 0.0023327790001985704, 0.0022651750000477477, 0.0022456060000877187, 0.0022550310000042373, 0.002245502000050692, 0.0022511390000090614, 0.0022677659999317257, 0.002247823000061544, 0.00225306999982422, 0.0022977539999828878, 0.002253617999940616, 0.0022591550000470306, 0.002299591000110013, 0.0022778100001232815, 0.0023188340001070173, 0.002306445000158419, 0.002287572000113869, 0.0023528940000687726, 0.0022894399999131565, 0.0022575299999516574, 0.0022773469997900975, 0.0022375229998488066, 0.0022869020001508034, 0.002260879000004934, 0.002204766999966523, 0.002288856000177475, 0.0022191159998783405, 0.00221326499990937, 0.0022505640001782012, 0.0022945579999031906, 0.0022515069999826665, 0.0022466120001354284, 0.0023421379999035707, 0.0022463000000243483, 0.002235135000091759, 0.0022943720000512258, 0.002272086999937528, 0.002213678000089203, 0.002246870000135459, 0.0021994670000822225, 0.0022791060000599828, 0.002194465999991735, 0.0022027909999451367, 0.0021984300001349766, 0.002197654999918086, 0.002239934000044741, 0.0022067760000936687, 0.00239474899990455, 0.0025268699998832744, 0.0022040950000246085, 0.0022560070001418353, 0.002234168999848407, 0.0021846100000857405, 0.0021897569999964617, 0.0021841719999429188]"
dm64seql4096,"[0.01843056500001694, 0.017728070000202933, 0.01778425099996639, 0.018108844999915163, 0.018232328999829406, 0.018449801000087973, 0.01821108700005425, 0.018225462999907904, 0.018540181000162193, 0.018402341999944838, 0.017928111999935936, 0.018518382999900496, 0.018228538000130357, 0.018217465000134325, 0.022037628000134646, 0.018218526999817186, 0.018382218999931865, 0.018752081999991788, 0.018434194000064963, 0.018187861000114935, 0.01822254800003975, 0.018687294000073962, 0.018223171000045113, 0.018259405999970113, 0.017729060999954527, 0.018060257000115598, 0.018214434999890727, 0.019664324999894234, 0.017853314000149112, 0.01810474300009446, 0.01833134899993638, 0.018264491999843813, 0.017980308000005607, 0.018292353999868283, 0.018329857000026095, 0.01800976599997739, 0.018292540999937046, 0.018568563000144422, 0.018231254999818702, 0.0180090950000249, 0.018563426999889998, 0.018313912999929016, 0.017865622000044823, 0.017976195000073858, 0.01793077100001028, 0.01865478400009124, 0.01868708000006336, 0.018157435999910376, 0.017878917999951227, 0.018149962000052255, 0.0182377500000257, 0.018240639999930863, 0.0183271999999306, 0.018124434999890582, 0.01816729399979522, 0.01808455199989112, 0.01786881800012452, 0.01845103999994535, 0.018456196999977692, 0.018241803999899275, 0.018225336000114112, 0.018649804000006043, 0.018128321999938635, 0.01823735800007853, 0.01816374400004861, 0.018198567999888837, 0.017967141000099218, 0.018374090999941473, 0.01768064499992761, 0.01820538700008001, 0.018456259000004138, 0.018140901999913694, 0.018420642000137377, 0.018470799999931842, 0.01817260100006024, 0.018219197000007625, 0.018507007999915004, 0.01822605899997143, 0.01831269300009808, 0.018767174999993586, 0.01812278200009132, 0.01802861800001665, 0.01873223200004759, 0.018460777999962374, 0.018041465999885986, 0.018660804000091957, 0.018240511999920273, 0.017909809000002497, 0.01863421100006235, 0.018203185000174926, 0.018037653999954273, 0.01872091299992462, 0.01842971399992166, 0.018259812999986025, 0.019366472999990947, 0.018517762999863407, 0.01826318099983837, 0.018168759999980466, 0.018750136999869937, 0.018309538000039538]"
memoryallocateddm64seql4096,604242432.0
backwarddm64seql4096,"[0.028229229000089617, 0.027691148000030807, 0.027958904999877632, 0.028321411999968404, 0.029391274999852612, 0.02794669599984445, 0.028272151000010126, 0.029155362999972567, 0.02834755200001382, 0.02828711100005421, 0.029332741999951395, 0.028341916000044876, 0.02849306100006288, 0.034421959000155766, 0.029905278999876828, 0.02793795700017654, 0.028948374000037802, 0.029634300999987317, 0.02794362299982822, 0.028632510000079492, 0.0297596429998066, 0.02830630000016754, 0.028335250000054657, 0.02805255200019019, 0.02760266799987221, 0.028542226000126902, 0.029432116999942082, 0.02805555200006893, 0.028037185999892245, 0.028996633999895494, 0.028405598999825088, 0.02823000300008971, 0.028606363000108104, 0.02802586099983273, 0.02859253500014347, 0.02860450299999684, 0.028401178999956755, 0.028843706000088787, 0.027976115999990725, 0.02880795000010039, 0.028534189000083643, 0.02776472300001842, 0.02810406999992665, 0.02799497099999826, 0.029489506999880177, 0.028767324999989796, 0.02888347399994018, 0.027813354000045365, 0.028320645000121658, 0.02857635400005165, 0.028595777999953498, 0.028332883000075526, 0.028995767999958844, 0.028550977000122657, 0.02794089299982261, 0.02848326900016218, 0.029350619999831906, 0.028308751999929882, 0.02911744500011082, 0.028593771000032575, 0.028101210999921022, 0.029301966000048196, 0.02859229600016988, 0.028310656999792627, 0.0285705720000351, 0.02847263900002872, 0.027991091000103552, 0.02884175100007269, 0.028721959999984392, 0.028314096000030986, 0.02893029100005151, 0.029166206999889255, 0.028308513999945717, 0.029147104999992735, 0.028696434000039517, 0.02831520800009457, 0.02911833600001046, 0.02861590299994532, 0.028715056999999433, 0.0292293279999285, 0.028202930999896125, 0.02832824699999037, 0.02953088399999615, 0.02800300499984587, 0.028303384000082588, 0.029334806999941065, 0.02783866000004309, 0.028691918000049554, 0.02888014099994507, 0.028828041999986453, 0.028391590999945038, 0.02957817099991189, 0.028109275999895544, 0.02890351099995314, 0.02983269400010613, 0.028295165999907113, 0.028464397000107056, 0.02999658599992472, 0.02831682000010005, 0.02850410899986855]"
dm64seql8192,"[0.08543958899986137, 0.08528174299999591, 0.08416687500016451, 0.08444634099987525, 0.08641092399989247, 0.0889054900001156, 0.08790317200009667, 0.0862612870000703, 0.08458222499984913, 0.08358952699995825, 0.08794370400005391, 0.08928299599983802, 0.0892529329998979, 0.08459680600003594, 0.0838507970001956, 0.08433996099984142, 0.08971416899998985, 0.08895477399983065, 0.08891632800009575, 0.08594276899998476, 0.08568188399999599, 0.08385644100007994, 0.08491769200009003, 0.08535489700011567, 0.08959737400004997, 0.08644836799999212, 0.08679770900016592, 0.08526369599985628, 0.08683312300013313, 0.08694875200012575, 0.08572235700012243, 0.08713117399997827, 0.0844890169998962, 0.08385930000008557, 0.08566215600012583, 0.08423661699998775, 0.08838243700006387, 0.0887969550001344, 0.0898835009998038, 0.0901654360000066, 0.0901918739998564, 0.0885257540001021, 0.08928507399991759, 0.08978178999996089, 0.08999461899998096, 0.09048388699989118, 0.08700589200020659, 0.0886102749998372, 0.08968344699997033, 0.08959642800004985, 0.09013057399988611, 0.08908244100007323, 0.0888415779998013, 0.08946555800002898, 0.09028343599993605, 0.0900716480000483, 0.08863068799996654, 0.08988544999988335, 0.09009242299998732, 0.09095306599988362, 0.0900012350000452, 0.08803404799982673, 0.08953433599981508, 0.09019720200012671, 0.09023374499997772, 0.09081279200017889, 0.08859998499997346, 0.0901413080000566, 0.09072059999994053, 0.09038530299994818, 0.09162974199989549, 0.08928471500007618, 0.0901910500001577, 0.09054746600008912, 0.090149522000047, 0.09038672199994835, 0.08967042700010097, 0.09152996500006338, 0.08992179599999872, 0.08872123099990858, 0.09082745299997441, 0.0898915529999158, 0.09090880200005813, 0.08965275199989264, 0.09064784499992129, 0.09059491700008948, 0.09128574500005016, 0.09055037099983565, 0.09093832799999291, 0.09039081400010218, 0.08972865900000215, 0.09148207299995192, 0.09085877899997286, 0.09040490300003512, 0.09119733500006078, 0.09008930300001339, 0.09149890000003325, 0.09048772500000268, 0.09116656100013643, 0.08990677800011326]"
memoryallocateddm64seql8192,2298741248.0
backwarddm64seql8192,"[0.136438372999919, 0.1364385530000618, 0.13527257399982773, 0.13306384299994534, 0.1280378290000499, 0.13199450699994486, 0.133830787000079, 0.13456876999998713, 0.13434896299986576, 0.12920508100000916, 0.13094702300008976, 0.1325577559998692, 0.13152706200003195, 0.13592614200001663, 0.1352657900001759, 0.12822260500001903, 0.13083621500004483, 0.1321368200001416, 0.13327284799993322, 0.13447038800018163, 0.13540619500008688, 0.1356319449998864, 0.13401699699988967, 0.12967203599987442, 0.13052713699994456, 0.13428226699988954, 0.13503828200009593, 0.13685298600012175, 0.13567570700001852, 0.13565588500000558, 0.13598075099980633, 0.13415748900001745, 0.13666087299998253, 0.13533124599985058, 0.13620189500011293, 0.12708610999993653, 0.1319726950000586, 0.13341124499993384, 0.13284271799989256, 0.1331385890000547, 0.13169743999992534, 0.13464437199991153, 0.13211409400014418, 0.1330110930000501, 0.131969356999889, 0.13209984100012662, 0.13447114499990676, 0.1344382030001725, 0.13469446700014487, 0.1325309339999876, 0.13289732900011586, 0.1322742620000099, 0.13274923300014052, 0.13358292200018695, 0.1331516030002149, 0.13257263600007718, 0.13251902700017126, 0.132572841999945, 0.13370831700012786, 0.13207336799996483, 0.13142875799985632, 0.13431063699999868, 0.13239769399979195, 0.1324905999999828, 0.13292486899990763, 0.13142326599995613, 0.13327936399991813, 0.13219701000002715, 0.1327831599999172, 0.13178248999997777, 0.13189771499992275, 0.13179822500001137, 0.13232637400005842, 0.1323502320001353, 0.13215578499989533, 0.13172610299989174, 0.13211899399993854, 0.13169758300000467, 0.1313945969998258, 0.13311724800018965, 0.13217428899997685, 0.1318217809998714, 0.1325551610000275, 0.1309752090000984, 0.13196234600013668, 0.13139581499990527, 0.1289880940000785, 0.13248383499990268, 0.1313653479999175, 0.13144229999988966, 0.13260843800003386, 0.1307372439998744, 0.13168942999982391, 0.13103907499998968, 0.13109969000015553, 0.1321071419999953, 0.13188890700007505, 0.13159310699984417, 0.13227931899996292, 0.1321372859999883]"
dm128seql256,"[0.00045814500003871217, 0.0004973909999534953, 0.00044377599988365546, 0.0004999189998216025, 0.0004418569999415922, 0.0004951109999637993, 0.000443752999899516, 0.0004576419999011705, 0.0005003039998427994, 0.00044246399988878693, 0.0004955819999850064, 0.00044544100001076004, 0.0004621010000391834, 0.0005093620000025112, 0.00045013399994786596, 0.000496713000075033, 0.00044139199985693267, 0.0004415399998833891, 0.00044327699993118586, 0.0004425229999469593, 0.0004981769998266827, 0.0004496480000852898, 0.00044371200010573375, 0.0004486130001168931, 0.00044298300008449587, 0.0004996999998638785, 0.00044155999989925476, 0.00044576499999493535, 0.0004584839998642565, 0.0004966909998529445, 0.0004432410000845266, 0.0005224520000410848, 0.0004411419999996724, 0.00044095999987803225, 0.0004462429999421147, 0.00045677200000682205, 0.0004966809999586985, 0.0004450300000371499, 0.0004672499999287538, 0.0004951930000061111, 0.00044216900005267235, 0.0004919380000956153, 0.00044930200010639965, 0.00046967899993433093, 0.0004417069999362866, 0.00045682099994337477, 0.0005049510000390001, 0.0004544299999906798, 0.0005301659998622199, 0.00044881600001644983, 0.00044006699999954435, 0.00044299999990471406, 0.0004411990000789956, 0.0004970060001596721, 0.000442468000073859, 0.00047588399979758833, 0.0005078930000763648, 0.0004397990001052676, 0.00048781000009512354, 0.00043924600004174863, 0.0004395830001158174, 0.0004940480000641401, 0.0004385500001262699, 0.000448947999984739, 0.00043990499989376985, 0.0005032399999436166, 0.00043906300015805755, 0.0005438660000436357, 0.00044961800017517817, 0.00048049700012597896, 0.00045515900001191767, 0.0004750489999878482, 0.0004942030000165687, 0.0004395870000735158, 0.0004691379999712808, 0.00044259400010560057, 0.0004405839999890304, 0.0005054279999967548, 0.0004388180000205466, 0.0004406069999731699, 0.00044410800001060124, 0.00043907899998885114, 0.0004989740000382881, 0.00044123099996795645, 0.0004532520001703233, 0.0004954969999744208, 0.00044062699998903554, 0.0004595600000811828, 0.0004912429999421875, 0.0004410869998991984, 0.0004396510000788112, 0.0004486560001168982, 0.0004394320001210872, 0.0004975040001227171, 0.0004434009999840782, 0.00044035499990968674, 0.00051900299990848, 0.0004550310000013269, 0.0005086609999125358, 0.00043714200000977144]"
memoryallocateddm128seql256,23396864.0
backwarddm128seql256,"[0.0006558970001151465, 0.0007076839999626827, 0.0006566319998455583, 0.0006530470000143396, 0.0006567289999566128, 0.0006487299999662355, 0.0007106509999630362, 0.000654823000104443, 0.0006958020001093246, 0.0006543360000250686, 0.0006496060000245052, 0.0006852579999758746, 0.0006497750000562519, 0.0006865969999125809, 0.0006596969999463909, 0.0006734699998105498, 0.0006639420000738028, 0.0006529159998081013, 0.0007053850001739193, 0.0006546980000621261, 0.0006750649999958114, 0.0006952419998924597, 0.0006877050000184681, 0.0007052450000628596, 0.0006522559999666555, 0.0006982929999139742, 0.0006498290001673013, 0.0007196210001438885, 0.0006556660000569536, 0.000649669000040376, 0.0009100849999867933, 0.0006720829999267153, 0.000665000000026339, 0.0006520130000353674, 0.0007209379998585064, 0.0006520819999877858, 0.000645767999913005, 0.0006511630001568847, 0.0006494280000879371, 0.0006908169998496305, 0.0006526669999402657, 0.0006643680001161556, 0.000652288999845041, 0.0006523839999772463, 0.0006829080000443355, 0.000653195000040796, 0.0006968079999296606, 0.0006896059999235149, 0.0006950509998659982, 0.0006556869998348702, 0.0006492230002095312, 0.0007052779999412451, 0.0006532529998821701, 0.0006470619998708571, 0.0006571369999619492, 0.0006716489999689657, 0.0006967990000248392, 0.0006535499999245076, 0.0006452759998865076, 0.0006951020000087738, 0.0006469449999713106, 0.0006623799999943003, 0.0006756959999165701, 0.0007019790000413195, 0.0006569510001099843, 0.0006960780001463718, 0.000653887999988001, 0.0007612879999214783, 0.0006713779998790415, 0.0006583290000889974, 0.0006958230001146148, 0.0006462010001087037, 0.0006602409998777148, 0.0006558590000622644, 0.0006484269999873504, 0.000731473000087135, 0.0006715819999953965, 0.0006667019999895274, 0.0007340510001085931, 0.0006544479999774921, 0.0007091850000051636, 0.0006512739998925099, 0.0007257439999648341, 0.0010127379998721153, 0.0006672619999790186, 0.0006446840000080556, 0.0006494859999293112, 0.0006440090000978671, 0.0007210579999537003, 0.0006539649998558161, 0.0006968469999719673, 0.0006913370000347641, 0.0006450109999605047, 0.0006659279999894352, 0.0006818820002081338, 0.0006449649999922258, 0.0007116580000001704, 0.0006727100001171493, 0.0006733430000167573, 0.0007062289998884808]"
dm128seql1024,"[0.0017445399998905486, 0.0021453980000387673, 0.002228956999942966, 0.002149112000097375, 0.0022178189999522147, 0.0026477390001673484, 0.0026451850001194543, 0.0026739039999483794, 0.0026784799999859388, 0.0026691199998367665, 0.0026169650000156253, 0.002598827999918285, 0.002555889000177558, 0.0025619430000460852, 0.0025516620000871626, 0.0025444150001021626, 0.00255168099988623, 0.002484502000015709, 0.002484622000110903, 0.0024909789999583154, 0.002561253000067154, 0.002560419000019465, 0.0024862300001586846, 0.0024962349998531863, 0.0024835489998622506, 0.0024737260000620154, 0.00248600300005819, 0.0024980690000120376, 0.0025178209998557577, 0.0024790510001366783, 0.002476262999834944, 0.0024756099999194703, 0.0025486729998647206, 0.002412200999970082, 0.002427457000067079, 0.002440755999941757, 0.002421292999997604, 0.0024050370000168186, 0.0024112190001233103, 0.002412132000017664, 0.002403071999879103, 0.002419713000108459, 0.002422724999860293, 0.0024234180000348715, 0.0024154569998700026, 0.0024104159999751573, 0.0024172389998966537, 0.002399458999889248, 0.0023991129999103578, 0.002394453999841062, 0.0024183829998492, 0.002419400000007954, 0.0024115219998748216, 0.002480184999967605, 0.0024022810000587924, 0.002479961000062758, 0.00245685400000184, 0.0024786330000097223, 0.0024557229999118135, 0.0024646730000768002, 0.00245603499979552, 0.002435022999861758, 0.0023997119999421557, 0.0023973310001110804, 0.002426341999807846, 0.0024465199999212928, 0.0024602829998912057, 0.0024771779999355203, 0.0024246909999874333, 0.0023948800001107884, 0.002435436000041591, 0.0024015110000163986, 0.002327046999880622, 0.0023346600000877515, 0.0023728529999971215, 0.0024038709998421837, 0.0023997210000743507, 0.002396213999872998, 0.002389065999977902, 0.0023940000000948203, 0.002401512000005823, 0.002393885000174123, 0.0024011129999053082, 0.002405522000117344, 0.002416555000081644, 0.002398012999947241, 0.0023961889999100094, 0.0024291740000990103, 0.002462595999986661, 0.002473291000114841, 0.0024539089999962016, 0.0024063989999376645, 0.002393284000163476, 0.002396119999957591, 0.002406842000027609, 0.00238635499999873, 0.002391574000057517, 0.0026300120000541938, 0.002475148000030458, 0.002403720000074827]"
memoryallocateddm128seql1024,68420096.0
backwarddm128seql1024,"[0.002625612999963778, 0.0031017379999411787, 0.0030971279998084356, 0.0030904870000085793, 0.003801586000008683, 0.003796790000023975, 0.0037867349999487487, 0.0037990400001035596, 0.0037862640001549153, 0.003848414000003686, 0.0036651299999448383, 0.003669113999876572, 0.003948313999899256, 0.0036569610001606634, 0.0037084309999499965, 0.0036580879998382443, 0.00362632700012, 0.003566497000065283, 0.0035615750000488333, 0.0036183960000926163, 0.003562180000017179, 0.0037301790000583424, 0.0035830849999456404, 0.0035618849999536906, 0.00356318200010719, 0.0035796250001567387, 0.003568870999970386, 0.003565362000017558, 0.0035524229999737145, 0.00360499999987951, 0.0035692040000867564, 0.003598474999989776, 0.004367437000155405, 0.0034966670000358135, 0.003485125999986849, 0.003453947000025437, 0.003520165000054476, 0.00349547599989819, 0.0034685649998209556, 0.003456726999957027, 0.003456640999957017, 0.0034798440001395647, 0.0035216620001392585, 0.003483716999880926, 0.0034836429999813845, 0.003515331000016886, 0.0034779840000283, 0.003457554999840795, 0.003441355999939333, 0.003453754000020126, 0.0035687429999597953, 0.003623491000098511, 0.0035322769999766024, 0.0034822400000393827, 0.003531308999981775, 0.003546278000158054, 0.003528032000076564, 0.0035463049998725182, 0.0035816960000829567, 0.0035291259998757596, 0.003555692999952953, 0.0034391219999179157, 0.0034937059999720077, 0.003505346999872927, 0.0038963430001786037, 0.003454346000125952, 0.003478674999996656, 0.0034074140000939224, 0.003422354999884192, 0.0034563720000733156, 0.0034039480001410993, 0.003365015000099447, 0.0033456710000336898, 0.0033442139999806386, 0.003436744000055114, 0.0034360380000180157, 0.003465270999868153, 0.0034384360001240566, 0.003498003000004246, 0.0034906969999610737, 0.003456315999983417, 0.003460828000015681, 0.003435697999975673, 0.0034440889999132196, 0.0034409250001772307, 0.0034414310000556725, 0.0034405629999127996, 0.003521088000070449, 0.0035291930000767024, 0.0035586599999533064, 0.0034494019998874137, 0.0034389009999813425, 0.003437779000023511, 0.0034403879999445053, 0.003463317000068855, 0.0034314209999593004, 0.003496363000067504, 0.0035388329999932466, 0.003443986000092991, 0.003438377000065884]"
dm128seql4096,"[0.02813821699987784, 0.027030633000094895, 0.026849082000126145, 0.027933759999996255, 0.026554104999831907, 0.026992750000090382, 0.027204009000115548, 0.027667999999948734, 0.0280745410000236, 0.026883408999992753, 0.027577006999990772, 0.028019853999921907, 0.02740163799990114, 0.02723220100006074, 0.028245215999959328, 0.026827004999859128, 0.027156159000014668, 0.028251072999864846, 0.027073787999825072, 0.027135883000028116, 0.028109257000096477, 0.02756801500004258, 0.027146517000119275, 0.028170088000024407, 0.027287315999956263, 0.027218364000191286, 0.02825093499996001, 0.026771965000079945, 0.027360290999922654, 0.028305713000008836, 0.02752515699989999, 0.027430949000063265, 0.027921559000105844, 0.026747806000003038, 0.027176352999958908, 0.028148583000074723, 0.027415329999939786, 0.027250144999925396, 0.028107682999916506, 0.026866018000191616, 0.027161427999999432, 0.02767143899995972, 0.026829856999938784, 0.027677260000018578, 0.027186307999954806, 0.027481876999900123, 0.02752299500002664, 0.027360244999954375, 0.027295784999978423, 0.027812546999939514, 0.02738659400006327, 0.027385843000047316, 0.028284114000143745, 0.027019377999977223, 0.027387469999894165, 0.028137118000131522, 0.027238764000003357, 0.027408439000055296, 0.02820120800015502, 0.026787264999938998, 0.02729182299981403, 0.02663673100005326, 0.02721533899989481, 0.027680995000082476, 0.027525844999900073, 0.027218312000059086, 0.02799314100002448, 0.027481846000000587, 0.027431754999952318, 0.028188017000047694, 0.027491785999927743, 0.027223510999874634, 0.027945960000124614, 0.027462725999839677, 0.027369921999934377, 0.028012702000069112, 0.0274357420000797, 0.02734743999985767, 0.02801702400006434, 0.027519935000100304, 0.027159148000009736, 0.027956373000051826, 0.027321026999970854, 0.027273774999912348, 0.02820215599990661, 0.02680261699993025, 0.027445843000123205, 0.028092433999972855, 0.027087445000006483, 0.027492316000007122, 0.028286024999943038, 0.027275752999912584, 0.027392681000037555, 0.02804001899994546, 0.027108829999860973, 0.02715508200003569, 0.02815405199999077, 0.027182121999885567, 0.027312343000176043, 0.028400396000051842]"
memoryallocateddm128seql4096,637796864.0
backwarddm128seql4096,"[0.04445254299980661, 0.04779897699995672, 0.04472053400013465, 0.04549554599998373, 0.04544599600012589, 0.04447265499993591, 0.04755391100002271, 0.04522379099989848, 0.04489830400007122, 0.04752542100004575, 0.04537384399986877, 0.04498708899996018, 0.0479504459999589, 0.04513756300002569, 0.04493818899982216, 0.04758701699984158, 0.04530361699994501, 0.046169552000037584, 0.047570886000130486, 0.04517040700011421, 0.045543511999994735, 0.047573227999919254, 0.04524517699996977, 0.045560632999922746, 0.04758896399994228, 0.04528142100002697, 0.04535141399992426, 0.04748794000011003, 0.045709244999898146, 0.04547905300000821, 0.047577881000052, 0.0457775990000755, 0.04475001399987377, 0.047513984000033815, 0.04503465299990239, 0.04559429799996906, 0.048238504999972065, 0.04499525500000345, 0.045636638999894785, 0.04739950299995144, 0.04489144099989062, 0.045781067999996594, 0.045153612999911275, 0.04484611200018662, 0.04707940799994503, 0.045145133000005444, 0.04446092900002441, 0.047465224000006856, 0.04520485399984864, 0.04496125099990422, 0.048190835000013976, 0.04542579700000715, 0.04483007799990446, 0.04822009899999102, 0.04518032900000435, 0.04506385800004864, 0.048236653999992996, 0.04509801900007915, 0.04483369400008996, 0.04738939300000311, 0.04523463600003197, 0.04525101600006565, 0.04629175300010502, 0.04463480399999753, 0.04720301399993332, 0.045189889000084804, 0.044776591000072585, 0.04749514600007387, 0.046338420999973096, 0.0446680769998693, 0.04750204000015401, 0.04557645099998808, 0.04465426000001571, 0.047494666000147845, 0.04636470900004497, 0.044724458000018785, 0.04748915799996212, 0.04637810000008358, 0.04474991400002182, 0.04749402800007374, 0.04561055099998157, 0.04472213700000793, 0.0475720460001412, 0.04532358000005843, 0.044481053000026805, 0.04766831300003105, 0.04474091699989913, 0.0452967629998966, 0.04829493800002638, 0.04514334699979372, 0.0454944279999836, 0.047543447999942146, 0.04580759300006321, 0.04478395899991483, 0.04748173699999825, 0.04514673199992103, 0.04490671600001406, 0.047600719000001845, 0.04497850300003847, 0.04483132700011083]"
dm128seql8192,"[0.13823831100012285, 0.13831367700004193, 0.13793512999995983, 0.1382663679999041, 0.13783023299993147, 0.13797062699995877, 0.13742590300012125, 0.13788009500012777, 0.13754213699985485, 0.13765438299992638, 0.1379355779999969, 0.1376819820000037, 0.13809634800009007, 0.1381713050000144, 0.13810440199995355, 0.13792394400002195, 0.13796356700004253, 0.13707061600007364, 0.1372229129999596, 0.1368053650001002, 0.13736707699990802, 0.13721564000002218, 0.13808539100000417, 0.13668452299998535, 0.13753565599995454, 0.13800153700003648, 0.13780458500013992, 0.1373965750001389, 0.13703444299994771, 0.1369734840000092, 0.1374250100000154, 0.13760713000010583, 0.13788595200003329, 0.138471182000103, 0.138005425999836, 0.13720678200002112, 0.1385065320000649, 0.13658890300007442, 0.13716983399990568, 0.13673071299990625, 0.13737322700012555, 0.1371596500000578, 0.1335957960000087, 0.1355291219999799, 0.13670793300002515, 0.13660922500002926, 0.13493912499984617, 0.13605072999985168, 0.13620241999979044, 0.1370501870001135, 0.1351719320000484, 0.13590941500001463, 0.13676676499994755, 0.13737836200016318, 0.13714880099996662, 0.13612608700009332, 0.13600871499988898, 0.13591635400007362, 0.13603688100010913, 0.13572808100002476, 0.1375943069999721, 0.13528018600004543, 0.13484747999996216, 0.13580174599997008, 0.1375126469999941, 0.13613850299998376, 0.13630396600001404, 0.13490880099993774, 0.1379366090000076, 0.1368678699998327, 0.13555017599992425, 0.13666746000012608, 0.13404484300008335, 0.13485166300006313, 0.13463823799997954, 0.13529160299981413, 0.13647050800000216, 0.1342196509999667, 0.13535148000005393, 0.13618489800001043, 0.13492971300001955, 0.1354019169998537, 0.1355697159999636, 0.13447266299999683, 0.1359276079999745, 0.13615454899991164, 0.13430070300000807, 0.13483240400000795, 0.13471085400010452, 0.1353205089999392, 0.13541183100005583, 0.13480679500003134, 0.1346758710001268, 0.13011183399999027, 0.13669367199986482, 0.1348647649999748, 0.13461158599989176, 0.13429071300015494, 0.13523807599995052, 0.13484637900000962]"
memoryallocateddm128seql8192,2387998100.48
backwarddm128seql8192,"[0.2053151780000917, 0.20508996900002785, 0.2051214649998201, 0.2054307719999997, 0.2051258300000427, 0.20632954000006976, 0.20621101999995517, 0.2056896990000041, 0.20501286600006097, 0.20550750999996126, 0.2044016699999247, 0.20486120499981553, 0.20517772700009118, 0.2050153610000507, 0.2047399850000602, 0.20480122699996173, 0.20207499299999654, 0.20100967400003356, 0.20342611899991425, 0.20432201699986763, 0.20566662399983215, 0.2052663049998955, 0.2047965760000352, 0.20525463400008448, 0.2041480150001007, 0.20271615000001475, 0.20095479600013277, 0.2019163270001627, 0.20356541000001016, 0.20318990600003417, 0.20300863199986452, 0.2039176440000574, 0.20429568999998082, 0.20397215699995286, 0.19506807199991272, 0.19302432200015573, 0.21395961799998986, 0.20352416400010043, 0.204159749000155, 0.20386213699998734, 0.20316290499999923, 0.20018595699980324, 0.20089497399999345, 0.20368815200004065, 0.2024274370000967, 0.1981385510000564, 0.2013223830001607, 0.20349257199995918, 0.20196330500016302, 0.1995888559999912, 0.20120901099994626, 0.20360033600013594, 0.20312675200011654, 0.1995857110000543, 0.1992024799999399, 0.20263086800014207, 0.2023534339998605, 0.20034011999996437, 0.20185933700008718, 0.2041055680001591, 0.20199125399994955, 0.20059520799986785, 0.20141532300021936, 0.2040691660001812, 0.20325853000008465, 0.19971888200007015, 0.2003826410000329, 0.20349525699998594, 0.20247248800001216, 0.1985660769998958, 0.19777004599995962, 0.20207130500011772, 0.2033832590000202, 0.198967360999859, 0.2016472170000725, 0.2029372910001257, 0.19866048199992292, 0.20124255900009302, 0.20259295699997892, 0.20029515200008063, 0.20115926899984515, 0.20153542499997457, 0.1993384380000407, 0.20099857600007454, 0.20162637299995367, 0.20089678999988791, 0.20188725899993187, 0.19807212699993215, 0.20126337199985755, 0.20204993800007287, 0.19880523200004063, 0.20178329700001996, 0.19843463499978498, 0.20154140500017093, 0.19841138100014177, 0.20061219300009725, 0.19884300500007157, 0.20094789599988871, 0.2025229579999177, 0.19825092999985827]"
memoryallocateddm16seql16384,[]
memoryallocateddm32seql16384,[]
memoryallocateddm64seql16384,[]
memoryallocateddm128seql16384,[]
